2022-12-21,ProductH,C,825,581,244,East,Classic+,2,2,2,1
2022-03-01,ProductE,A,745,525,220,South,Superstore,5,2,2,4
2022-09-24,ProductF,A,382,65,317,North,Classic,3,1,2,2
2022-08-23,ProductI,C,883,317,566,West,Superstore,5,1,3,4
2022-03-22,ProductC,E,324,104,220,South,Superstore,2,1,3,3
2022-09-15,ProductI,B,364,159,205,Central,Classic,4,2,1,4
2022-02-23,ProductD,A,518,174,344,Central,Superstore,3,2,2,4
2022-06-13,ProductC,B,827,686,141,East,Outlet,4,1,3,3
2022-02-28,ProductH,B,127,94,33,East,Outlet,1,2,3,2
2022-12-22,ProductJ,B,817,132,685,North,Classic,2,2,1,1
2022-04-24,ProductA,E,738,281,457,West,Classic+,5,2,2,3
2022-07-23,ProductC,A,759,652,107,North,Classic+,3,2,1,1
2022-08-02,ProductC,B,483,168,315,Central,Classic,5,2,3,2
2022-05-13,ProductI,B,387,323,64,South,Classic,4,1,3,3
2022-07-13,ProductI,A,805,364,441,West,Classic,5,2,2,1
2022-08-17,ProductC,A,786,675,111,East,Classic,4,2,2,3
2022-09-07,ProductG,B,723,118,605,North,Superstore,1,2,1,4
2022-01-04,ProductI,A,235,58,177,West,Classic,4,2,2,99
2022-07-07,ProductJ,A,521,227,294,North,Outlet,5,2,3,99
2022-08-04,ProductE,B,693,541,152,East,Classic,4,1,2,3
2022-08-05,ProductB,D,797,72,725,South,Classic+,4,1,1,3
2022-12-27,ProductB,A,226,67,159,West,Classic,1,2,3,4
2022-01-02,ProductB,A,418,291,127,East,Classic,2,1,2,3
2022-10-09,ProductH,A,342,287,55,East,Classic+,5,1,2,2
2022-04-26,ProductC,B,679,437,242,West,Outlet,3,1,3,2
2022-03-25,ProductE,C,520,52,468,West,Superstore,3,2,2,4
2022-03-31,ProductH,E,309,174,135,East,Superstore,3,2,2,4
2022-03-05,ProductB,C,857,183,674,North,Classic+,3,2,3,4
2022-12-24,ProductA,C,611,537,74,Central,Superstore,4,2,2,4
2022-07-31,ProductD,B,189,110,79,South,Outlet,4,1,1,2
2022-02-05,ProductE,B,943,233,710,Central,Classic,2,2,1,3
2022-10-28,ProductC,D,311,154,157,South,Classic,5,2,3,4
2022-06-05,ProductH,E,168,129,39,East,Classic+,5,2,2,4
2022-08-01,ProductD,E,545,201,344,Central,Superstore,1,1,2,1
2022-06-03,ProductC,D,110,81,29,South,Superstore,5,1,3,2
2022-02-21,ProductJ,C,775,318,457,West,Outlet,1,2,3,4
2022-05-07,ProductB,A,807,355,452,West,Outlet,1,2,1,99
2022-04-07,ProductA,E,838,769,69,North,Classic,3,2,1,2
2022-02-22,ProductB,C,466,287,179,East,Outlet,5,1,1,2
2022-06-11,ProductA,C,836,149,687,North,Superstore,4,2,2,4
2022-09-26,ProductE,C,802,221,581,South,Classic+,2,2,2,2
2022-12-13,ProductC,E,454,269,185,West,Classic+,1,2,1,3
2022-10-13,ProductA,C,300,97,203,North,Outlet,3,1,3,1
2022-09-19,ProductB,B,781,401,380,West,Superstore,1,2,2,1
2022-01-23,ProductA,A,217,141,76,West,Classic+,3,2,2,4
2022-08-11,ProductC,A,783,521,262,West,Superstore,2,2,1,1
2022-03-03,ProductC,A,233,185,48,East,Classic,1,2,2,4
2022-02-25,ProductA,C,822,785,37,Central,Superstore,3,2,3,3
2022-04-29,ProductA,B,120,106,14,Central,Classic,4,1,2,4
2022-04-22,ProductC,A,573,376,197,East,Classic+,2,3,3,4
2022-03-01,ProductE,A,393,375,18,East,Superstore,4,2,3,1
2022-03-27,ProductI,B,987,761,226,East,Classic+,1,2,2,4
2022-07-07,ProductA,C,504,397,107,South,Classic,4,2,3,2
2022-08-05,ProductE,D,817,197,620,South,Classic,4,2,1,1
2022-09-07,ProductH,A,768,57,711,East,Classic,4,2,1,3
2022-12-04,ProductC,C,672,624,48,West,Classic+,5,2,2,2
2022-05-02,ProductI,B,499,296,203,East,Classic,99,1,1,1
2022-12-27,ProductJ,D,203,125,78,East,Superstore,4,2,1,4
2022-07-08,ProductA,E,243,182,61,West,Outlet,3,2,2,4
2022-11-22,ProductI,A,343,286,57,West,Outlet,1,2,3,4
2022-06-13,ProductI,E,892,295,597,East,Outlet,1,1,1,4
2022-01-11,ProductJ,D,376,261,115,South,Classic,4,3,1,3
2022-02-26,ProductC,A,474,234,240,North,Classic+,4,1,3,3
2022-12-05,,C,287,249,38,East,Classic,1,1,2,1
2022-06-21,ProductG,D,717,639,78,West,Classic,1,3,3,1
2022-02-04,ProductI,C,354,135,219,West,Outlet,4,1,3,4
2022-09-03,ProductE,D,459,173,286,West,Outlet,99,1,3,4
2022-08-14,ProductI,B,273,261,12,West,Superstore,4,1,1,3
2022-03-18,ProductI,C,274,110,164,Central,Superstore,1,1,2,4
2022-04-21,ProductA,A,774,251,523,East,Classic,2,2,3,1
2022-02-16,ProductE,D,734,711,23,East,Superstore,4,3,3,99
2022-10-20,ProductH,A,555,256,299,East,Outlet,5,2,2,2
2022-08-08,ProductB,A,345,179,166,East,Classic+,3,2,1,2
2022-07-06,ProductD,A,155,91,64,South,Classic,2,2,2,4
2022-11-12,ProductJ,D,214,183,31,Central,Classic+,4,2,1,2
2022-11-19,ProductI,C,410,148,262,North,Superstore,4,2,1,1
2022-12-09,ProductI,A,154,59,95,East,Outlet,2,2,3,3
2022-07-23,ProductA,C,115,101,14,South,Classic,5,1,3,3
2022-09-16,ProductG,C,925,329,596,West,Classic,5,3,2,4
2022-06-13,ProductC,B,292,175,117,South,Classic,4,1,3,1
2022-07-08,ProductJ,B,612,361,251,East,Classic,4,2,1,1
2022-02-17,ProductC,A,339,297,42,West,Classic,3,1,3,3
2022-09-22,ProductE,A,711,595,116,Central,Classic,4,2,3,2
2022-05-19,ProductH,D,551,83,468,North,Classic,1,1,3,4
2022-09-23,ProductJ,C,563,125,438,East,Classic+,4,1,1,2
2022-01-23,ProductI,C,927,908,19,Central,Superstore,4,1,3,1
2022-06-08,ProductE,B,907,318,589,Central,Classic,2,1,1,4
2022-11-06,ProductI,B,386,385,1,Central,Classic,4,2,1,3
2022-07-31,ProductI,B,331,219,112,South,Classic,4,2,1,4
2022-07-08,ProductC,C,920,688,232,East,Classic+,4,1,1,2
2022-11-29,ProductI,E,280,235,45,West,Superstore,2,1,2,4
2022-04-29,ProductC,B,709,103,606,South,Classic+,5,1,3,2
2022-12-13,ProductC,C,414,71,343,Central,Classic+,2,1,1,1
2022-07-13,ProductJ,A,156,95,61,West,Classic,1,2,2,4
2022-08-29,ProductC,C,321,212,109,South,Classic+,4,2,2,1
2022-06-02,ProductA,C,958,311,647,Central,Classic+,4,1,3,1
2022-06-23,ProductJ,D,124,109,15,East,Classic,1,2,1,3
2022-04-15,ProductE,D,213,156,57,East,Superstore,4,2,1,1
2022-01-01,ProductA,A,751,355,396,East,Outlet,4,1,2,1
2022-08-22,ProductE,D,869,535,334,North,Classic+,4,2,2,1
2022-06-28,ProductH,C,204,93,111,West,Superstore,3,1,2,2
2022-01-26,ProductI,D,578,471,107,South,Classic+,4,2,2,2
2022-11-07,ProductA,C,940,622,318,Central,Superstore,4,1,1,2
2022-08-13,ProductI,C,395,317,78,Central,Outlet,2,2,2,4
2022-09-08,ProductC,D,210,78,132,South,Outlet,2,3,2,1
2022-01-24,ProductA,C,447,261,186,East,Superstore,5,1,2,2
2022-01-21,ProductD,C,796,616,180,East,Superstore,4,2,2,4
2022-01-23,ProductB,A,293,102,191,Central,Outlet,4,1,2,2
2022-10-08,ProductA,A,711,467,244,South,Classic,4,1,3,3
2022-06-12,ProductH,D,947,938,9,West,Classic,3,2,3,4
2022-03-09,ProductJ,A,822,128,694,North,Superstore,1,1,1,1
2022-04-11,ProductE,B,332,241,91,East,Superstore,4,1,2,1
2022-06-18,ProductB,B,494,427,67,South,Classic+,3,2,1,4
2022-06-22,ProductA,E,131,121,10,East,Superstore,4,2,1,1
2022-08-05,ProductI,B,716,296,420,East,Classic,1,1,3,4
2022-02-06,ProductF,A,443,289,154,Central,Classic,4,2,2,4
2022-10-27,ProductA,E,161,120,41,Central,Classic,1,2,3,2
2022-01-30,ProductC,D,651,489,162,East,Classic,3,1,3,3
2022-01-14,ProductJ,D,561,139,422,West,Classic+,2,2,1,99
2022-11-24,ProductI,C,815,161,654,West,Classic,4,2,2,4
2022-01-09,ProductA,C,489,427,62,North,Classic,1,1,2,1
2022-08-28,ProductJ,D,351,115,236,East,Classic+,4,2,1,2
2022-11-24,ProductA,B,771,185,586,West,Superstore,3,1,3,4
2022-03-30,ProductF,B,775,337,438,South,Superstore,4,2,3,4
2022-08-15,ProductJ,C,763,554,209,East,Classic,4,2,2,3
2022-04-30,ProductD,B,517,481,36,Central,Classic+,2,2,2,1
2022-12-13,ProductI,B,360,90,270,South,Outlet,5,2,1,2
2022-07-20,ProductD,B,815,328,487,East,Classic+,5,2,1,4
2022-11-08,ProductF,A,423,282,141,North,Superstore,4,2,3,2
2022-01-04,ProductH,C,660,320,340,West,Superstore,4,2,2,2
2022-09-25,ProductJ,C,817,315,502,East,Superstore,2,1,1,4
2022-01-08,ProductI,A,660,159,501,West,Classic+,1,1,1,3
2022-02-04,ProductC,A,558,96,462,East,Superstore,5,1,2,3
2022-07-05,ProductH,C,497,279,218,South,Superstore,2,2,3,2
2022-03-01,ProductA,B,256,135,121,West,Outlet,4,2,1,4
2022-11-22,ProductH,E,870,330,540,Central,Classic,1,1,2,1
2022-07-13,ProductI,B,119,55,64,West,Superstore,1,1,1,3
2022-06-10,ProductH,C,623,137,486,Central,Classic+,1,2,2,3
2022-03-06,ProductD,A,232,144,88,West,Classic,1,2,1,4
2022-07-22,ProductC,D,408,270,138,East,Superstore,1,2,2,2
2022-03-27,ProductI,A,874,357,517,West,Classic,2,2,1,4
2022-03-15,ProductI,A,276,150,126,South,Superstore,1,2,2,3
2022-02-07,ProductA,A,362,137,225,Central,Classic+,4,2,1,1
2022-04-08,ProductC,B,822,814,8,East,Superstore,4,2,1,4
2022-12-26,ProductE,E,860,683,177,East,Outlet,1,1,2,3
2022-11-10,ProductC,C,430,404,26,West,Outlet,4,1,1,2
2022-02-12,ProductJ,C,947,339,608,East,Superstore,1,2,2,3
2022-09-25,ProductB,C,203,108,95,East,Classic,99,2,2,2
2022-08-06,ProductG,B,989,808,181,West,Superstore,2,2,3,3
2022-01-21,ProductC,C,121,99,22,East,Superstore,1,2,2,4
2022-06-24,ProductI,C,140,98,42,North,Superstore,4,2,1,3
2022-01-07,ProductC,A,798,441,357,West,Outlet,4,2,3,4
2022-02-18,ProductE,B,489,384,105,South,Outlet,4,1,3,4
2022-05-04,ProductD,C,793,789,4,Central,Classic,1,1,3,4
2022-07-16,ProductE,B,451,98,353,East,Classic+,4,1,1,1
2022-04-04,ProductG,A,718,80,638,East,Superstore,2,2,3,1
2022-10-28,ProductI,B,570,445,125,West,Superstore,4,2,3,3
2022-03-12,ProductH,E,114,105,9,Central,Outlet,1,2,3,4
2022-03-12,ProductJ,E,136,83,53,North,Classic+,1,1,1,4
2022-04-09,ProductC,D,860,800,60,South,Classic+,2,1,1,2
2022-08-16,ProductC,D,869,721,148,North,Superstore,4,1,1,4
2022-02-12,ProductC,A,172,139,33,South,Classic,5,1,3,2
2022-08-14,ProductC,D,754,233,521,South,Classic,5,1,2,2
2022-04-20,ProductA,C,700,400,300,North,Superstore,5,1,1,4
2022-12-06,ProductJ,B,129,62,67,North,Superstore,5,2,2,4
2022-09-18,ProductA,D,928,589,339,Central,Outlet,3,2,1,2
2022-07-25,ProductJ,C,482,362,120,Central,Superstore,4,2,3,3
2022-07-27,ProductI,D,274,73,201,East,Classic,4,2,2,4
2022-10-31,ProductC,B,393,230,163,South,Superstore,3,2,1,2
2022-03-25,ProductJ,E,411,329,82,West,Superstore,2,2,3,2
2022-07-17,ProductA,B,676,342,334,West,Superstore,5,1,1,4
2022-08-03,ProductA,C,459,344,115,West,Outlet,4,2,3,2
2022-08-13,ProductI,C,632,555,77,East,Classic,3,2,2,2
2022-10-12,ProductC,A,885,361,524,West,Classic,3,1,2,1
2022-05-22,ProductI,C,421,177,244,Central,Outlet,1,2,3,2
2022-10-16,ProductH,B,388,355,33,Central,Classic+,3,3,3,2
2022-02-16,ProductI,A,893,207,686,West,Classic,4,1,1,4
2022-02-17,ProductA,A,247,52,195,North,Classic,5,1,3,4
2022-07-17,ProductE,A,426,188,238,North,Classic+,4,2,1,3
2022-10-05,ProductE,E,954,490,464,North,Classic,5,1,1,4
2022-06-06,ProductF,E,974,762,212,Central,Classic,4,1,1,2
2022-12-12,ProductJ,A,261,226,35,North,Classic+,1,2,3,2
2022-06-20,ProductI,A,856,677,179,South,Superstore,4,2,3,3
2022-06-15,ProductB,A,357,205,152,East,Superstore,3,2,2,3
2022-02-12,ProductD,E,632,176,456,South,Superstore,2,1,1,99
2022-08-06,ProductI,C,322,160,162,North,Classic,4,1,3,2
2022-11-09,ProductD,E,495,168,327,North,Classic,2,1,3,4
2022-10-10,ProductI,E,171,84,87,West,Outlet,4,2,3,3
2022-06-16,ProductJ,D,533,453,80,East,Classic,1,2,2,3
2022-10-15,ProductC,A,219,118,101,North,Classic,5,2,2,2
2022-06-19,ProductA,D,947,873,74,North,Classic+,5,1,3,3
2022-04-08,ProductJ,E,931,189,742,Central,Classic,5,2,3,3
2022-06-19,ProductE,E,106,97,9,North,Classic+,4,1,2,2
2022-12-08,ProductC,B,634,229,405,North,Classic,4,1,3,4
2022-01-14,ProductC,B,967,439,528,South,Classic,4,2,3,1
2022-06-21,ProductI,D,651,324,327,West,Classic+,4,1,2,2
2022-04-24,ProductC,A,235,61,174,South,Classic+,2,2,1,2
2022-02-05,ProductD,D,293,149,144,West,Superstore,2,2,2,4
2022-12-28,ProductJ,D,727,411,316,West,Superstore,4,1,1,3
2022-11-03,ProductA,B,187,103,84,East,Superstore,4,1,2,3
2022-11-26,ProductI,B,541,538,3,West,Classic,4,1,2,2
2022-07-05,ProductA,C,238,70,168,North,Superstore,4,1,2,4
2022-01-28,ProductC,A,547,62,485,East,Classic,5,2,1,3
2022-04-27,ProductJ,C,722,307,415,South,Superstore,1,2,2,2
2022-04-03,ProductJ,B,141,123,18,East,Superstore,5,1,3,2
2022-03-18,ProductA,A,947,792,155,East,Classic+,99,1,1,4
2022-04-03,ProductC,A,798,364,434,Central,Classic,1,1,3,1
2022-08-07,ProductE,C,375,139,236,West,Superstore,2,2,2,4
2022-01-29,ProductB,B,937,419,518,South,Classic+,5,2,1,3
2022-10-29,ProductH,A,239,143,96,Central,Classic+,4,1,1,2
2022-02-23,ProductI,A,190,171,19,South,Superstore,5,2,2,3
2022-09-20,ProductC,B,737,92,645,East,Classic+,4,2,1,3
2022-03-11,ProductI,C,327,204,123,East,Superstore,4,1,3,1
2022-07-08,ProductA,E,274,211,63,Central,Superstore,4,2,1,1
2022-08-11,ProductI,E,644,384,260,South,Outlet,4,1,3,1
2022-11-26,ProductA,C,985,728,257,South,Classic+,5,2,3,4
2022-08-14,ProductJ,A,430,99,331,East,Superstore,5,1,2,3
2022-04-30,ProductB,B,764,305,459,West,Classic,3,2,3,3
2022-05-26,ProductI,C,923,307,616,East,Classic,4,1,3,2
2022-11-04,ProductJ,B,651,312,339,South,Classic+,2,2,3,3
2022-12-10,ProductA,A,923,896,27,East,Classic,4,2,2,2
2022-10-16,ProductA,B,872,102,770,West,Outlet,4,1,3,4
2022-05-04,ProductA,A,899,703,196,South,Classic+,1,1,2,4
2022-02-03,ProductH,A,956,425,531,Central,Outlet,3,2,3,4
2022-07-01,ProductA,B,419,198,221,Central,Classic+,1,1,3,2
2022-03-30,ProductJ,B,163,114,49,North,Superstore,2,1,2,4
2022-07-17,ProductH,C,721,201,520,West,Classic,5,1,1,1
2022-09-13,ProductI,A,540,309,231,Central,Classic,2,1,3,4
2022-09-19,ProductA,B,613,474,139,West,Superstore,4,1,3,2
2022-04-09,ProductJ,A,526,307,219,Central,Classic,1,1,3,2
2022-01-24,ProductI,E,420,307,113,East,Classic,5,2,3,3
2022-02-06,ProductC,B,589,117,472,South,Superstore,3,2,1,1
2022-05-17,ProductH,C,940,754,186,Central,Superstore,1,2,2,3
2022-09-21,ProductA,C,284,226,58,East,Classic,5,1,2,1
2022-10-06,ProductA,B,816,122,694,Central,Superstore,4,2,2,3
2022-08-19,ProductE,B,991,172,819,East,Outlet,3,1,2,4
2022-09-12,ProductJ,D,506,243,263,East,Classic,4,1,1,1
2022-11-26,ProductI,B,133,132,1,West,Classic,1,1,2,1
2022-07-09,ProductA,C,115,114,1,East,Outlet,3,1,1,4
2022-05-08,ProductE,A,753,324,429,East,Superstore,4,1,2,4
2022-04-08,ProductA,A,378,186,192,East,Superstore,5,2,1,1
2022-06-17,ProductJ,C,958,113,845,West,Superstore,4,1,3,3
2022-03-01,ProductI,A,363,279,84,South,Superstore,3,2,3,4
2022-03-08,ProductC,A,993,55,938,South,Classic,2,2,3,1
2022-04-07,ProductI,E,989,471,518,South,Superstore,4,2,3,3
2022-12-22,ProductI,D,409,333,76,West,Classic,3,1,1,3
2022-04-07,ProductD,A,431,170,261,North,Classic+,4,2,3,4
2022-07-20,ProductH,A,976,499,477,South,Classic,1,2,2,4
2022-09-04,ProductC,B,584,580,4,South,Classic,5,2,2,4
2022-03-05,ProductJ,A,329,91,238,South,Classic,1,1,1,4
2022-04-06,ProductH,B,356,285,71,North,Classic,99,2,3,4
2022-04-13,ProductE,A,235,191,44,East,Classic,4,2,1,4
2022-06-27,ProductC,A,545,129,416,North,Classic,4,1,2,3
2022-10-18,ProductI,A,567,508,59,West,Classic,4,2,2,2
2022-11-17,ProductC,A,529,210,319,East,Classic+,4,1,3,2
2022-10-15,ProductI,B,149,78,71,North,Classic+,3,2,3,4
2022-07-24,ProductJ,B,127,68,59,East,Classic,5,2,1,4
2022-06-02,ProductB,A,510,382,128,East,Classic+,5,2,1,4
2022-08-13,ProductA,A,995,591,404,South,Classic,1,1,1,4
2022-04-07,ProductA,A,619,100,519,East,Classic,3,2,3,2
2022-10-01,ProductI,D,468,172,296,Central,Superstore,1,2,1,4
2022-06-01,ProductH,A,314,311,3,North,Classic,4,3,2,3
2022-08-29,ProductJ,A,214,132,82,West,Superstore,3,2,1,4
2022-11-07,ProductJ,A,423,383,40,North,Outlet,1,2,2,2
2022-05-24,ProductD,B,507,451,56,West,Superstore,1,2,1,2
2022-04-07,ProductH,B,500,254,246,South,Outlet,1,2,3,4
2022-12-28,ProductC,A,868,440,428,West,Classic+,4,2,1,4
2022-03-26,ProductI,A,902,387,515,West,Classic,1,1,1,99
2022-03-05,ProductE,C,207,201,6,North,Classic,4,1,1,99
2022-05-13,ProductE,E,852,171,681,West,Classic,4,2,3,1
2022-06-04,ProductI,B,721,455,266,Central,Classic,1,3,1,2
2022-11-18,ProductI,A,661,528,133,South,Classic,5,2,1,4
2022-01-25,ProductA,A,638,90,548,North,Superstore,3,1,3,3
2022-10-19,ProductH,B,393,146,247,East,Classic,4,2,1,1
2022-04-21,ProductG,C,805,761,44,North,Classic,5,2,1,3
2022-06-07,ProductI,B,108,99,9,Central,Classic,1,2,1,3
2022-01-31,ProductI,A,515,282,233,West,Classic,3,1,2,4
2022-03-29,ProductA,A,816,758,58,Central,Classic,4,1,2,3
2022-10-28,ProductJ,B,421,152,269,South,Superstore,4,1,2,4
2022-06-27,ProductA,E,718,95,623,East,Superstore,3,1,3,2
2022-11-16,ProductC,E,221,147,74,South,Classic+,3,1,2,4
2022-08-08,ProductC,B,833,266,567,East,Superstore,4,2,3,3
2022-09-15,ProductH,B,150,93,57,Central,Superstore,1,1,3,2
2022-11-24,ProductH,E,643,280,363,East,Classic+,3,2,3,4
2022-07-05,ProductI,D,958,808,150,Central,Classic,1,2,2,3
2022-07-06,ProductI,A,234,72,162,South,Superstore,4,2,3,4
2022-07-18,ProductA,B,742,396,346,South,Classic,5,2,3,2
2022-07-11,ProductB,A,927,117,810,West,Classic+,2,2,2,4
2022-02-09,ProductA,E,498,161,337,West,Outlet,5,2,1,4
2022-12-16,ProductC,C,960,846,114,West,Superstore,4,2,2,4
2022-12-25,ProductC,C,885,471,414,South,Outlet,1,1,3,3
2022-04-18,ProductC,A,200,56,144,West,Superstore,4,1,1,1
2022-06-07,ProductH,C,525,344,181,West,Outlet,1,1,2,4
2022-11-22,ProductI,C,465,280,185,South,Classic+,5,2,1,2
2022-02-27,ProductB,E,920,162,758,Central,Classic,1,1,2,1
2022-12-27,ProductJ,B,977,221,756,Central,Classic,4,2,3,4
2022-09-05,ProductD,B,824,400,424,East,Classic,5,2,1,3
2022-10-12,ProductC,C,535,243,292,Central,Superstore,3,1,1,3
2022-03-28,ProductH,B,658,465,193,West,Superstore,5,2,3,4
2022-06-11,ProductA,A,787,771,16,East,Classic,4,2,1,1
2022-08-11,ProductJ,A,259,240,19,Central,Classic+,2,1,2,2
2022-05-12,ProductJ,A,687,530,157,Central,Classic+,4,1,3,4
2022-11-22,ProductB,A,629,139,490,East,Classic,3,2,2,3
2022-07-03,ProductJ,A,350,144,206,Central,Superstore,4,2,2,2
2022-07-01,ProductI,C,820,320,500,West,Classic,4,2,3,1
2022-01-01,ProductI,C,323,130,193,East,Superstore,1,2,1,3
2022-08-21,ProductJ,A,650,116,534,South,Classic,3,1,2,1
2022-03-17,ProductD,B,682,123,559,Central,Classic,1,2,3,4
2022-11-25,ProductJ,A,578,57,521,East,Classic,4,2,3,4
2022-08-06,ProductA,C,818,246,572,South,Classic,1,2,1,3
2022-06-01,ProductJ,A,258,234,24,Central,Classic+,4,2,3,1
2022-08-25,ProductA,D,497,391,106,West,Classic,1,1,1,4
2022-11-23,ProductJ,A,787,510,277,Central,Classic+,1,3,2,1
2022-03-30,ProductI,A,257,102,155,Central,Outlet,4,2,1,1
2022-11-29,ProductA,A,774,704,70,East,Classic+,2,1,1,2
2022-11-15,ProductA,A,756,755,1,West,Superstore,3,2,2,1
2022-01-01,ProductA,D,659,581,78,North,Superstore,4,2,2,1
2022-03-03,ProductE,D,652,256,396,West,Classic,4,2,3,2
2022-05-11,ProductE,D,684,78,606,West,Classic,4,1,2,2
2022-05-18,ProductC,A,535,234,301,South,Outlet,5,1,3,3
2022-01-01,ProductJ,E,872,375,497,South,Classic,4,2,3,4
2022-01-16,ProductA,A,329,167,162,East,Classic,3,1,1,3
2022-11-20,ProductH,C,240,65,175,South,Classic,4,2,2,4
2022-04-10,ProductC,C,655,275,380,North,Classic,3,2,2,4
2022-07-14,ProductC,D,917,300,617,East,Classic+,2,1,1,2
2022-09-19,ProductI,A,744,292,452,East,Classic+,1,2,2,2
2022-07-31,ProductJ,A,578,181,397,Central,Classic,5,2,2,1
2022-06-21,ProductB,B,962,798,164,West,Classic,3,2,1,3
2022-12-10,ProductE,C,763,225,538,Central,Classic,2,1,3,1
2022-08-01,ProductJ,B,677,428,249,East,Classic,1,2,3,2
2022-02-17,ProductA,A,442,276,166,West,Outlet,1,2,1,3
2022-09-18,ProductI,D,475,309,166,West,Classic,4,1,2,3
2022-05-22,ProductC,B,845,531,314,West,Superstore,2,2,1,3
2022-05-02,ProductJ,A,686,565,121,Central,Classic+,4,1,3,4
2022-06-21,ProductI,C,389,252,137,South,Classic+,1,3,2,4
2022-03-12,ProductA,C,234,170,64,East,Classic,1,3,1,1
2022-03-02,ProductA,C,513,311,202,North,Classic,4,2,3,4
2022-02-01,ProductI,B,522,510,12,Central,Superstore,1,2,3,1
2022-05-22,ProductA,A,411,204,207,East,Superstore,4,1,1,2
2022-10-13,ProductI,B,614,126,488,South,Outlet,5,1,2,2
2022-11-16,ProductI,B,540,171,369,South,Outlet,5,2,1,1
2022-12-05,ProductI,D,810,591,219,South,Superstore,3,1,2,2
2022-07-26,ProductI,E,459,216,243,East,Outlet,4,1,3,3
2022-11-22,ProductA,C,980,392,588,East,Superstore,1,2,3,1
2022-09-13,ProductI,D,709,438,271,East,Superstore,2,2,1,4
2022-04-11,ProductA,B,847,198,649,Central,Classic,4,3,2,1
2022-08-16,ProductB,D,880,856,24,North,Superstore,2,2,1,2
2022-03-29,ProductI,E,907,349,558,East,Classic+,4,2,2,1
2022-12-17,ProductD,E,612,535,77,Central,Classic+,1,2,3,4
2022-01-04,ProductI,C,635,589,46,West,Classic+,4,1,3,1
2022-04-14,ProductC,D,772,227,545,East,Superstore,4,2,1,4
2022-02-23,ProductI,D,731,97,634,East,Superstore,4,1,1,2
2022-07-18,ProductC,C,754,652,102,East,Classic,5,2,1,1
2022-06-02,ProductC,D,440,243,197,Central,Classic,2,3,3,2
2022-09-04,ProductA,A,830,108,722,East,Outlet,1,1,1,2
2022-06-20,ProductJ,C,112,63,49,West,Outlet,2,1,1,3
2022-11-09,ProductD,B,150,72,78,Central,Classic+,1,1,3,4
2022-07-05,ProductH,B,213,83,130,Central,Superstore,2,2,3,4
2022-09-24,ProductH,D,326,113,213,North,Classic,4,1,3,4
2022-04-29,ProductC,B,721,282,439,Central,Outlet,5,2,3,2
2022-11-06,ProductC,B,623,565,58,South,Superstore,1,1,2,3
2022-07-18,ProductC,B,523,240,283,Central,Classic,4,2,3,4
2022-05-17,ProductA,B,846,157,689,West,Classic,4,2,3,2
2022-06-27,ProductI,E,951,192,759,South,Classic,5,1,1,4
2022-08-02,ProductC,A,263,202,61,West,Classic+,4,1,1,2
2022-11-11,ProductA,A,926,587,339,East,Outlet,5,2,3,1
2022-11-24,ProductA,E,443,422,21,North,Classic+,5,2,3,4
2022-07-22,ProductA,C,256,118,138,West,Superstore,4,2,3,2
2022-01-26,ProductA,A,639,317,322,West,Classic,5,1,3,3
2022-06-17,ProductJ,C,372,230,142,South,Superstore,1,1,3,4
2022-03-18,ProductI,B,634,598,36,East,Classic,1,1,3,2
2022-08-08,ProductI,E,307,188,119,North,Classic+,3,1,1,4
2022-10-19,ProductA,B,701,693,8,Central,Classic,3,1,3,3
2022-12-22,ProductC,E,747,613,134,West,Classic+,4,2,1,3
2022-03-17,ProductC,C,171,106,65,North,Classic+,3,1,3,3
2022-10-03,ProductF,D,542,144,398,North,Classic,3,1,3,2
2022-06-17,ProductH,D,220,76,144,West,Classic+,3,1,1,2
2022-12-22,ProductA,B,561,198,363,,Classic,4,1,3,4
2022-05-25,ProductA,B,594,292,302,South,Outlet,2,2,3,2
2022-12-04,ProductA,A,288,275,13,North,Classic+,2,2,1,2
2022-06-19,ProductD,A,165,80,85,North,Classic+,5,1,2,4
2022-08-26,ProductB,E,555,509,46,East,Classic+,4,2,1,1
2022-12-08,ProductC,A,810,529,281,Central,Classic,1,2,1,2
2022-03-29,ProductA,C,163,145,18,East,Classic+,4,1,2,2
2022-10-25,ProductD,A,500,312,188,Central,Classic+,1,2,3,4
2022-11-01,ProductE,A,183,95,88,South,Classic,4,2,2,2
2022-11-17,ProductA,C,557,277,280,West,Outlet,4,2,2,3
2022-09-10,ProductH,A,100,87,13,East,Classic+,4,2,3,4
2022-02-20,ProductH,A,327,323,4,East,Superstore,1,1,1,1
2022-07-14,ProductI,E,974,804,170,South,Classic,3,1,1,2
2022-12-11,ProductA,C,119,91,28,North,Outlet,4,2,3,2
2022-05-20,ProductA,A,786,513,273,Central,Superstore,2,1,2,2
2022-09-12,ProductF,A,841,341,500,West,Classic+,1,2,1,4
2022-05-09,ProductA,B,806,228,578,West,Outlet,4,2,1,99
2022-06-01,ProductI,A,759,79,680,South,Outlet,1,2,2,3
2022-11-09,ProductA,A,460,287,173,Central,Classic,3,1,3,1
2022-07-21,ProductI,A,891,606,285,North,Classic+,3,2,1,1
2022-06-23,ProductC,A,511,206,305,East,Superstore,1,3,1,4
2022-03-15,ProductB,B,338,88,250,East,Outlet,5,2,3,3
2022-02-27,ProductA,C,937,104,833,Central,Superstore,1,2,3,3
2022-03-10,ProductE,A,333,248,85,West,Classic+,4,2,1,2
2022-10-17,ProductE,B,366,214,152,Central,Classic+,5,2,3,3
2022-04-19,ProductC,C,751,212,539,East,Classic+,4,2,3,3
2022-03-22,ProductI,A,912,753,159,East,Classic,5,1,2,4
2022-09-12,ProductA,A,384,114,270,South,Classic+,1,2,3,3
2022-02-05,ProductJ,C,178,156,22,Central,Superstore,1,2,3,2
2022-05-09,ProductI,C,307,267,40,East,Classic+,5,2,2,4
2022-12-12,ProductJ,D,765,375,390,East,Classic,5,2,3,1
2022-05-18,ProductA,A,581,105,476,East,Classic,5,2,1,3
2022-07-23,ProductC,A,806,778,28,West,Classic,1,1,3,2
2022-02-24,ProductA,C,286,243,43,West,Superstore,4,2,3,4
2022-09-04,ProductC,A,883,786,97,West,Classic,2,2,3,3
2022-07-25,ProductJ,C,450,94,356,West,Classic,3,1,1,2
2022-06-22,ProductC,B,347,246,101,West,Classic,1,1,2,2
2022-02-16,ProductA,A,104,81,23,South,Classic+,4,2,1,3
2022-12-06,ProductA,A,391,270,121,East,Classic,5,2,1,4
2022-02-10,ProductF,A,712,564,148,South,Outlet,5,1,2,3
2022-10-31,ProductB,E,639,318,321,North,Outlet,4,1,1,3
2022-12-07,ProductC,C,965,467,498,South,Classic,3,1,1,4
2022-12-04,ProductJ,B,985,837,148,East,Classic,2,2,3,1
2022-10-21,ProductI,B,697,443,254,North,Superstore,3,2,2,2
2022-05-16,ProductF,A,601,266,335,West,Classic+,5,1,1,4
2022-12-13,ProductA,A,273,74,199,West,Classic+,1,2,3,1
2022-01-30,ProductH,C,878,516,362,East,Classic,4,2,3,4
2022-04-15,ProductC,A,301,240,61,North,Outlet,5,2,1,2
2022-01-15,ProductA,C,919,105,814,East,Superstore,4,2,3,4
2022-07-02,ProductH,D,944,596,348,West,Outlet,5,1,3,2
2022-10-15,ProductE,C,756,328,428,East,Classic,1,2,2,2
2022-09-01,ProductI,B,342,171,171,South,Classic,4,1,2,3
2022-06-26,ProductC,E,589,449,140,Central,Classic+,4,2,2,1
2022-03-02,ProductG,A,322,212,110,South,Classic,5,2,3,1
2022-08-30,ProductA,C,513,166,347,South,Superstore,2,1,1,4
2022-03-11,ProductJ,B,374,243,131,West,Classic,3,2,1,4
2022-12-13,ProductC,C,694,482,212,South,Classic,1,1,3,1
2022-02-24,ProductE,C,400,218,182,East,Superstore,2,1,3,3
2022-02-18,ProductI,A,267,147,120,West,Classic,4,2,1,1
2022-05-16,ProductA,C,411,371,40,Central,Classic,1,1,2,4
2022-03-03,ProductC,C,484,391,93,South,Classic,1,2,3,4
2022-04-12,ProductE,A,440,169,271,South,Superstore,3,1,3,4
2022-01-09,ProductD,C,886,261,625,East,Superstore,3,1,2,2
2022-04-24,ProductI,A,352,85,267,East,Superstore,3,2,2,3
2022-09-11,ProductE,A,247,195,52,East,Classic+,4,2,1,4
2022-09-26,ProductI,B,231,95,136,West,Outlet,1,3,3,4
2022-06-06,ProductA,A,704,396,308,East,Classic,1,2,3,1
2022-01-19,ProductJ,D,625,353,272,Central,Classic+,5,1,1,1
2022-06-06,ProductF,D,354,173,181,South,Classic+,4,2,1,3
2022-06-18,ProductA,E,948,580,368,West,Classic,4,2,2,4
2022-03-15,ProductA,B,149,147,2,Central,Superstore,5,2,3,2
2022-02-16,ProductA,C,953,530,423,East,Classic,3,2,1,3
2022-11-24,ProductI,A,617,414,203,North,Classic,3,2,1,4
2022-10-14,ProductB,B,288,112,176,South,Classic+,1,2,1,4
2022-02-27,ProductJ,E,638,348,290,East,Classic,2,1,1,1
2022-08-31,ProductF,C,449,402,47,North,Classic,5,1,3,1
2022-01-29,ProductC,D,964,117,847,South,Superstore,3,2,3,3
2022-08-29,ProductH,A,269,167,102,East,Outlet,1,2,2,1
2022-08-09,ProductA,A,661,128,533,South,Superstore,5,2,3,1
2022-03-12,ProductI,A,653,289,364,East,Classic,4,3,1,3
2022-02-13,ProductC,E,603,386,217,North,Superstore,1,1,2,2
2022-02-14,ProductE,C,998,814,184,West,Classic+,99,1,1,4
2022-05-09,ProductI,A,483,356,127,East,Classic,1,2,2,2
2022-07-27,ProductD,C,313,180,133,West,Classic+,5,2,2,3
2022-04-24,ProductI,C,169,139,30,East,Classic,99,1,3,4
2022-05-13,ProductJ,A,667,627,40,West,Superstore,4,1,3,2
2022-07-14,ProductD,D,581,485,96,South,Superstore,5,1,3,4
2022-05-21,ProductI,A,934,722,212,East,Superstore,5,2,2,4
2022-12-28,ProductI,D,603,185,418,Central,Superstore,3,2,3,1
2022-05-07,ProductE,C,572,472,100,East,Superstore,1,1,2,3
2022-03-20,ProductA,C,288,187,101,South,Classic+,5,1,3,3
2022-03-14,ProductI,C,171,150,21,East,Classic,3,1,2,3
2022-09-30,ProductC,B,669,436,233,South,Classic+,1,1,3,3
2022-04-27,ProductD,C,895,649,246,Central,Classic,3,3,3,3
2022-12-19,ProductA,C,407,178,229,East,Classic,2,1,2,2
2022-10-02,ProductE,A,543,276,267,East,Outlet,2,2,2,3
2022-03-19,ProductD,A,603,591,12,East,Superstore,5,2,1,3
2022-01-26,ProductF,A,845,52,793,East,Classic+,4,2,1,1
2022-06-02,ProductA,A,107,106,1,West,Classic+,5,3,2,1
2022-12-04,ProductH,D,929,781,148,Central,Classic,4,2,2,2
2022-11-28,ProductI,A,335,295,40,East,Classic+,4,2,2,3
2022-01-27,ProductJ,A,949,102,847,East,Classic,4,1,3,4
2022-03-05,ProductE,D,754,449,305,West,Classic,5,2,3,4
2022-02-21,ProductF,A,387,125,262,Central,Classic,4,2,2,2
2022-12-05,ProductC,C,568,472,96,West,Outlet,1,2,2,1
2022-09-04,ProductB,C,359,184,175,East,Superstore,2,1,2,3
2022-08-21,ProductI,E,319,202,117,West,Classic,1,2,1,4
2022-04-01,ProductJ,A,551,80,471,East,Classic,4,2,2,3
2022-03-30,ProductE,C,418,239,179,South,Classic+,3,2,3,4
2022-02-13,ProductJ,B,510,374,136,Central,Classic+,4,2,3,2
2022-05-22,ProductH,A,957,432,525,South,Classic,1,2,3,3
2022-04-16,ProductA,D,410,85,325,North,Classic+,3,1,1,4
2022-10-19,ProductG,A,161,122,39,North,Classic,2,1,2,4
2022-02-23,ProductA,B,492,291,201,Central,Superstore,4,2,2,2
2022-05-12,ProductE,E,466,309,157,East,Classic,1,1,2,2
2022-11-28,ProductI,A,349,128,221,Central,Classic+,4,1,3,1
2022-04-30,ProductA,E,184,72,112,Central,Superstore,4,2,2,4
2022-12-11,ProductC,C,722,622,100,North,Classic,2,2,2,4
2022-12-14,ProductC,C,285,239,46,North,Classic,3,2,1,3
2022-08-10,ProductC,D,733,509,224,South,Classic+,5,1,2,3
2022-09-06,ProductH,A,968,299,669,East,Classic,1,2,1,2
2022-02-04,ProductC,D,549,352,197,West,Outlet,5,2,1,2
2022-01-22,ProductJ,A,357,348,9,East,Classic+,4,1,2,2
2022-01-26,ProductH,A,984,791,193,East,Classic,5,1,2,2
2022-04-14,ProductI,E,527,273,254,East,Outlet,1,2,1,1
2022-05-20,ProductI,A,265,146,119,Central,Superstore,4,2,3,1
2022-11-30,ProductA,B,292,75,217,East,Classic,4,3,3,2
2022-09-25,ProductI,A,346,71,275,North,Classic+,2,2,1,4
2022-03-15,ProductI,A,714,287,427,South,Superstore,1,2,2,3
2022-04-18,ProductB,B,669,543,126,West,Classic,1,1,2,1
2022-02-11,ProductJ,C,187,103,84,Central,Superstore,4,2,2,2
2022-03-01,ProductE,C,163,149,14,South,Classic+,1,2,2,2
2022-05-08,ProductC,B,211,187,24,Central,Classic+,1,1,3,2
2022-11-21,ProductC,A,486,254,232,Central,Classic,1,1,2,3
2022-09-23,ProductA,A,924,822,102,East,Classic,1,1,3,2
2022-01-19,ProductI,A,417,241,176,Central,Superstore,4,1,1,4
2022-05-13,ProductI,C,612,159,453,East,Classic,5,1,2,2
2022-07-14,ProductG,A,500,407,93,West,Classic,4,2,2,3
2022-12-17,ProductI,A,967,147,820,East,Classic+,2,1,2,1
2022-03-11,ProductE,B,604,91,513,East,Superstore,2,2,2,4
2022-08-24,ProductI,A,348,110,238,East,Outlet,1,1,1,3
2022-09-20,ProductH,C,824,465,359,East,Classic,1,2,2,4
2022-09-27,ProductI,B,925,235,690,Central,Classic,1,2,2,2
2022-08-09,ProductF,C,819,405,414,Central,Outlet,4,1,1,4
2022-09-01,ProductA,C,633,632,1,West,Classic,4,2,3,1
2022-08-19,ProductG,D,685,277,408,East,Superstore,3,1,2,2
2022-05-27,ProductI,B,363,290,73,East,Classic,4,3,2,4
2022-12-30,ProductI,A,386,286,100,North,Classic+,5,3,1,1
2022-01-28,ProductI,E,889,818,71,East,Superstore,4,2,2,3
2022-10-06,ProductD,A,133,64,69,Central,Outlet,4,2,2,2
2022-10-07,ProductI,A,597,534,63,South,Classic+,4,2,3,4
2022-10-19,ProductI,C,441,283,158,West,Classic+,4,2,1,1
2022-08-11,ProductJ,A,515,237,278,West,Classic,1,1,3,1
2022-10-23,ProductJ,D,152,110,42,Central,Classic,4,2,1,3
2022-04-11,ProductA,E,733,242,491,East,Classic,2,1,3,4
2022-03-08,ProductA,E,754,409,345,West,Classic,3,2,1,4
2022-05-21,ProductC,A,480,369,111,Central,Superstore,3,2,3,1
2022-03-20,ProductA,C,375,65,310,Central,Outlet,1,2,1,3
2022-10-19,ProductA,C,856,651,205,West,Classic,5,2,2,4
2022-06-29,ProductA,D,125,67,58,West,Classic,5,2,3,4
2022-06-15,ProductJ,A,453,222,231,East,Classic,1,2,1,1
2022-10-07,ProductC,E,444,390,54,Central,Classic,3,1,3,99
2022-07-12,ProductI,B,496,187,309,West,Superstore,1,2,3,3
2022-03-29,ProductJ,B,817,461,356,North,Classic,5,1,2,2
2022-08-13,ProductH,A,754,362,392,South,Classic,2,2,1,4
2022-02-21,ProductC,C,513,269,244,North,Classic,4,2,1,3
2022-04-04,ProductH,B,662,84,578,South,Superstore,2,1,2,4
2022-03-28,ProductH,D,485,315,170,North,Classic,1,2,2,4
2022-04-04,ProductF,A,413,252,161,West,Classic+,2,1,3,3
2022-09-11,ProductI,B,452,282,170,West,Classic+,4,2,1,3
2022-07-07,ProductC,E,266,88,178,Central,Superstore,4,1,2,1
2022-09-25,ProductA,B,403,357,46,West,Superstore,1,1,1,1
2022-04-17,ProductA,C,678,76,602,East,Superstore,3,2,3,2
2022-04-14,ProductD,A,485,397,88,West,Classic+,1,1,3,3
2022-05-10,ProductA,A,103,91,12,East,Superstore,1,2,2,4
2022-11-29,ProductE,B,741,323,418,East,Classic,4,1,1,4
2022-03-22,ProductI,A,146,70,76,Central,Outlet,1,1,3,3
2022-05-24,ProductF,E,930,454,476,East,Classic+,3,1,3,4
2022-06-14,ProductA,A,324,188,136,Central,Classic,5,2,1,4
2022-01-23,ProductH,C,513,223,290,South,Outlet,5,1,3,4
2022-12-15,ProductE,C,195,184,11,East,Classic,3,3,1,1
2022-09-02,ProductD,A,415,132,283,North,Classic,2,1,3,4
2022-05-22,ProductI,D,742,516,226,East,Classic,5,1,3,3
2022-02-13,ProductA,D,841,316,525,South,Classic+,4,1,2,4
2022-08-06,ProductD,C,460,117,343,South,Classic+,5,2,1,2
2022-06-18,ProductA,B,264,205,59,South,Classic,4,1,1,3
2022-03-24,ProductA,E,149,146,3,West,Outlet,4,2,3,3
2022-04-07,ProductJ,E,942,54,888,Central,,3,1,3,2
2022-08-24,ProductE,C,883,487,396,North,Classic,1,1,1,2
2022-05-10,ProductC,B,905,776,129,East,Outlet,3,2,1,3
2022-04-26,ProductJ,A,374,216,158,North,Classic,4,2,1,3
2022-02-05,ProductI,C,552,234,318,South,Classic,1,3,2,3
2022-04-11,ProductH,B,904,187,717,Central,Superstore,5,2,3,4
2022-11-26,ProductE,C,192,162,30,Central,Classic,2,1,3,2
2022-10-25,ProductA,C,482,406,76,South,Classic,2,1,1,1
2022-03-19,ProductA,A,830,303,527,North,Classic,3,2,1,4
2022-06-04,ProductI,B,921,827,94,Central,Classic,4,3,1,3
2022-12-07,ProductJ,C,457,410,47,East,Classic+,1,1,1,1
2022-08-08,ProductE,C,853,590,263,West,Classic+,3,2,3,1
2022-01-06,ProductI,A,634,199,435,East,Superstore,1,1,3,2
2022-05-02,ProductA,B,742,379,363,Central,Classic+,1,2,3,4
2022-06-17,ProductH,C,419,408,11,North,Classic,1,2,3,4
2022-01-07,ProductC,C,450,216,234,East,Superstore,4,2,2,4
2022-11-01,ProductD,A,975,340,635,Central,Classic,5,2,1,4
2022-10-15,ProductH,B,825,633,192,North,Classic+,4,1,1,3
2022-10-31,ProductB,A,287,97,190,West,Classic,4,1,2,2
2022-02-27,ProductA,E,260,250,10,North,Classic,5,2,1,2
2022-09-22,ProductE,C,229,156,73,East,Classic+,3,2,2,4
2022-12-12,ProductA,A,928,776,152,West,Classic,4,2,2,4
2022-01-07,ProductG,B,606,417,189,North,Superstore,4,1,1,4
2022-01-17,ProductA,E,655,531,124,South,Outlet,4,2,2,4
2022-07-29,ProductJ,E,220,214,6,East,Classic+,4,1,2,4
2022-07-09,ProductA,E,129,93,36,East,Classic,4,2,3,4
2022-03-05,ProductI,E,403,136,267,North,Classic,2,2,3,2
2022-11-16,ProductE,C,397,354,43,East,Superstore,2,2,1,2
2022-08-20,ProductI,C,764,568,196,South,Superstore,4,1,1,3
2022-03-30,ProductH,C,384,115,269,East,Superstore,5,2,3,3
2022-12-17,ProductI,D,904,295,609,Central,Classic+,1,2,3,2
2022-07-09,ProductI,B,469,367,102,Central,Classic+,1,2,1,4
2022-04-04,ProductA,E,747,597,150,South,Superstore,4,2,1,3
2022-06-24,ProductI,A,512,371,141,East,Outlet,5,3,2,2
2022-04-20,ProductC,B,165,60,105,Central,Classic+,4,2,1,1
2022-05-04,ProductC,A,506,454,52,South,Classic,4,2,2,4
2022-08-31,ProductI,A,983,122,861,West,Classic+,1,1,3,3
2022-04-13,ProductI,C,374,356,18,North,Classic+,1,2,2,1
2022-07-09,ProductB,A,636,517,119,,Classic,2,2,3,4
2022-04-13,ProductB,D,427,82,345,East,Classic,2,2,1,1
2022-01-11,ProductG,D,206,57,149,West,Classic,2,2,2,1
2022-05-21,ProductI,A,502,256,246,Central,Superstore,4,1,3,2
2022-04-26,ProductI,E,274,196,78,Central,Classic,4,1,3,3
2022-12-31,ProductE,B,655,187,468,East,Classic,1,2,3,4
2022-12-25,ProductC,A,695,183,512,Central,Superstore,1,2,1,3
2022-02-07,ProductJ,C,179,109,70,East,Classic+,3,1,3,4
2022-08-02,ProductI,D,259,107,152,North,Superstore,3,2,2,4
2022-08-02,,A,406,122,284,South,Classic+,2,1,2,1
2022-11-12,ProductC,C,521,433,88,South,Superstore,3,1,3,2
2022-03-13,ProductA,C,820,614,206,West,Classic,3,2,1,2
2022-09-03,ProductG,C,155,87,68,South,Classic,5,2,3,1
2022-06-27,ProductE,B,708,621,87,Central,Outlet,3,1,3,3
2022-06-27,ProductC,C,576,377,199,Central,Classic,4,2,3,4
2022-10-25,ProductC,E,606,228,378,West,Classic,2,3,1,3
2022-07-10,ProductB,C,324,177,147,Central,Superstore,4,1,1,4
2022-02-27,ProductC,D,634,132,502,East,Classic,5,2,1,1
2022-03-26,ProductC,C,496,320,176,East,Classic+,3,2,2,1
2022-04-08,ProductJ,A,324,163,161,North,Classic+,1,2,2,4
2022-07-29,ProductH,D,146,80,66,Central,Classic,2,2,2,4
2022-03-12,ProductI,E,573,468,105,East,Classic+,4,2,3,4
2022-09-16,ProductH,E,427,122,305,South,Classic,4,1,1,4
2022-02-13,ProductE,B,633,316,317,West,Classic,2,2,2,3
2022-12-12,ProductC,B,919,541,378,East,Classic,3,1,3,4
2022-05-15,ProductE,A,982,549,433,South,Classic,3,2,3,1
2022-01-25,ProductE,C,213,193,20,West,Superstore,2,1,3,4
2022-05-07,ProductH,A,441,393,48,West,Classic,3,1,1,4
2022-06-29,ProductJ,A,265,157,108,South,Classic+,1,1,2,4
2022-11-06,ProductA,A,294,147,147,West,Classic+,4,2,2,3
2022-11-11,ProductE,A,767,446,321,East,Classic+,1,1,2,1
2022-01-27,ProductF,C,125,77,48,North,Superstore,1,2,2,4
2022-10-28,ProductE,E,173,60,113,South,Outlet,5,2,1,3
2022-05-15,ProductH,B,683,578,105,East,Classic,3,1,3,3
2022-02-02,ProductG,E,681,612,69,East,Classic+,2,2,3,2
2022-08-16,ProductH,E,475,195,280,Central,Superstore,3,1,1,1
2022-10-28,ProductI,C,307,71,236,East,Classic+,4,1,2,2
2022-02-08,ProductA,B,704,59,645,East,Classic+,1,2,2,4
2022-09-15,ProductC,E,890,760,130,East,Classic,5,2,3,2
2022-04-17,ProductF,B,702,115,587,South,Superstore,3,1,1,4
2022-06-06,ProductD,A,932,382,550,West,Classic+,5,2,2,1
2022-02-20,ProductB,A,489,304,185,East,Superstore,5,2,2,4
2022-08-11,ProductC,C,880,370,510,South,Classic,5,1,3,1
2022-10-16,ProductD,A,851,277,574,West,Outlet,4,2,3,4
2022-10-18,ProductI,E,553,170,383,Central,Outlet,4,2,3,4
2022-01-31,ProductE,D,661,643,18,Central,Superstore,4,2,2,1
2022-12-05,ProductA,D,979,684,295,West,Superstore,1,1,3,2
2022-02-18,ProductC,E,749,454,295,North,Classic,5,2,3,1
2022-12-23,ProductD,A,927,629,298,South,Outlet,3,2,1,3
2022-08-25,ProductE,D,270,111,159,East,Superstore,1,2,2,4
2022-08-13,ProductI,A,727,261,466,South,Superstore,2,2,3,2
2022-02-07,ProductE,A,774,639,135,West,Classic,4,2,1,4
2022-08-02,ProductH,C,561,63,498,East,Superstore,5,2,2,2
2022-02-08,ProductB,A,500,73,427,Central,Superstore,3,1,3,2
2022-02-03,ProductA,C,845,328,517,South,Classic,1,2,1,4
2022-08-21,ProductJ,C,634,533,101,Central,Classic,5,1,2,4
2022-01-07,ProductB,C,424,251,173,West,Classic,4,1,2,2
2022-11-13,ProductB,A,426,328,98,South,Superstore,5,1,2,2
2022-09-14,ProductJ,C,253,73,180,East,Classic,4,1,1,3
2022-04-15,ProductC,A,543,507,36,East,Classic,5,2,3,4
2022-12-17,ProductC,C,165,116,49,East,Classic+,2,2,2,2
2022-04-26,ProductI,A,689,298,391,Central,Outlet,3,2,2,1
2022-03-23,ProductH,B,473,357,116,East,Superstore,3,2,1,4
2022-02-01,ProductA,B,782,684,98,East,Outlet,5,3,3,3
2022-01-24,ProductB,D,231,98,133,North,Classic+,3,2,3,4
2022-01-17,ProductI,B,979,796,183,South,Outlet,1,1,2,2
2022-06-08,ProductF,B,124,69,55,West,Classic,5,3,3,3
2022-09-08,ProductG,B,698,207,491,Central,Superstore,3,1,3,1
2022-08-14,ProductI,A,995,808,187,Central,Superstore,5,1,1,2
2022-05-20,ProductJ,A,927,92,835,North,Classic,4,2,1,4
2022-09-24,ProductF,C,716,141,575,North,Classic+,3,3,2,1
2022-06-21,ProductA,B,583,160,423,East,Classic,2,1,1,2
2022-07-15,ProductG,B,640,479,161,East,Classic,3,1,1,2
2022-11-13,ProductA,B,961,720,241,North,Classic,5,2,1,4
2022-11-29,ProductI,B,976,297,679,West,Classic,3,1,3,4
2022-05-29,ProductE,A,443,99,344,South,Classic+,3,2,2,4
2022-10-21,ProductF,A,135,102,33,North,Classic,1,2,2,2
2022-05-04,ProductJ,B,271,205,66,South,Classic+,2,1,2,2
2022-10-13,ProductJ,A,969,296,673,South,Superstore,2,1,3,3
2022-12-05,ProductA,B,750,310,440,West,Classic,4,2,3,4
2022-05-27,ProductI,B,254,66,188,Central,Classic+,4,2,3,4
2022-06-25,ProductC,B,314,141,173,South,Classic+,5,1,3,2
2022-04-27,ProductA,D,444,218,226,South,Classic+,1,1,3,3
2022-11-03,ProductA,A,872,270,602,Central,Classic,5,2,2,4
2022-11-12,ProductJ,D,839,215,624,East,Classic,4,2,1,3
2022-10-07,ProductE,C,309,96,213,South,Classic+,3,2,2,4
2022-10-22,ProductC,C,132,122,10,West,Classic+,2,2,3,2
2022-11-28,ProductC,D,882,103,779,South,Superstore,2,1,2,3
2022-10-07,ProductD,E,922,668,254,Central,Classic,2,1,2,3
2022-08-11,ProductA,D,727,400,327,East,Outlet,3,1,1,4
2022-12-28,ProductC,B,481,93,388,West,Classic,5,3,2,3
2022-09-09,ProductI,E,977,524,453,Central,Superstore,1,2,1,4
2022-11-25,ProductI,E,224,71,153,East,Classic,4,1,2,3
2022-07-16,ProductF,E,223,207,16,East,Classic,1,2,3,4
2022-03-18,ProductA,C,839,508,331,North,Classic,5,1,3,2
2022-11-27,ProductD,A,748,681,67,South,Classic,1,1,2,2
2022-05-26,ProductI,C,853,237,616,West,Classic,3,2,3,3
2022-10-17,ProductD,C,966,679,287,East,Outlet,5,1,3,2
2022-04-22,ProductJ,A,670,279,391,East,Classic+,4,1,3,99
2022-05-03,ProductE,C,952,107,845,North,Classic,2,2,3,3
2022-12-27,ProductA,A,641,446,195,East,Classic,4,2,2,1
2022-08-19,ProductA,C,961,925,36,East,Classic,5,1,1,2
2022-07-28,ProductH,A,605,372,233,Central,Classic+,1,1,1,3
2022-11-21,ProductH,E,327,85,242,South,Classic,1,2,1,3
2022-02-24,ProductJ,A,740,534,206,West,Classic,1,2,3,3
2022-07-02,ProductH,B,114,68,46,South,Classic,4,2,2,4
2022-10-15,ProductD,E,176,151,25,East,Superstore,4,2,3,3
2022-03-30,ProductD,B,647,217,430,Central,Classic,4,1,3,1
2022-01-18,ProductF,A,934,330,604,West,Classic+,1,1,1,3
2022-11-15,ProductC,B,767,476,291,East,Superstore,4,1,1,4
2022-10-05,ProductC,C,177,175,2,South,Classic,4,2,3,3
2022-08-07,ProductA,D,575,460,115,Central,Outlet,2,2,1,1
2022-06-29,ProductI,B,656,171,485,West,Classic+,5,2,3,3
2022-08-09,ProductI,B,379,113,266,North,Classic,3,2,3,4
2022-03-20,ProductJ,D,961,292,669,East,Classic,3,1,3,2
2022-11-27,ProductA,B,484,258,226,South,Classic,4,2,3,4
2022-11-26,ProductC,C,300,129,171,East,Superstore,1,2,2,3
2022-06-30,ProductD,D,364,97,267,South,Classic,5,2,3,4
2022-09-24,ProductJ,B,570,551,19,East,Classic,1,2,2,3
2022-03-02,ProductA,A,908,226,682,South,Classic,2,2,2,4
2022-03-13,ProductI,C,285,206,79,West,Classic+,1,1,3,1
2022-11-21,ProductA,C,355,52,303,North,Outlet,4,2,3,4
2022-03-22,ProductE,B,377,321,56,East,Classic,1,1,2,4
2022-06-13,ProductI,D,461,384,77,South,Classic,4,2,1,1
2022-04-03,ProductC,A,910,749,161,Central,Superstore,5,2,3,4
2022-07-15,ProductC,C,142,123,19,East,Classic,4,2,3,3
2022-06-22,ProductH,B,236,149,87,Central,Classic,2,2,3,4
2022-08-07,ProductA,A,716,636,80,Central,Classic,2,1,1,4
2022-04-03,ProductG,A,595,395,200,West,Classic,1,1,2,1
2022-11-06,ProductF,B,473,266,207,West,Outlet,3,1,3,4
2022-04-21,ProductA,A,113,107,6,South,Superstore,1,1,3,1
2022-11-26,ProductD,A,346,313,33,East,Outlet,3,2,2,1
2022-12-01,ProductA,B,358,308,50,South,Classic,4,2,2,3
2022-07-31,ProductI,B,304,117,187,West,Classic,4,1,3,3
2022-10-02,ProductF,C,894,753,141,Central,Classic,2,1,1,3
2022-01-06,ProductH,C,358,90,268,East,Outlet,1,2,1,3
2022-10-22,ProductE,A,705,479,226,North,Classic,2,2,1,4
2022-03-21,ProductJ,D,868,549,319,South,,5,1,2,3
2022-06-09,ProductI,A,472,93,379,East,Classic+,3,2,3,3
2022-09-15,ProductA,B,687,139,548,West,Superstore,4,1,2,1
2022-01-12,ProductC,B,819,817,2,Central,Classic,2,1,1,4
2022-08-13,ProductJ,C,460,153,307,West,Outlet,3,1,3,1
2022-03-09,ProductA,A,277,146,131,Central,Classic,5,1,3,4
2022-08-09,ProductJ,B,590,529,61,East,Superstore,3,1,3,1
2022-03-07,ProductI,B,791,67,724,East,Outlet,4,2,1,1
2022-07-26,ProductI,A,950,685,265,South,Classic,1,2,2,3
2022-01-11,ProductI,E,265,121,144,Central,Superstore,4,2,1,4
2022-08-19,ProductH,B,746,180,566,Central,Classic+,3,2,1,3
2022-10-15,ProductH,C,939,710,229,West,Superstore,4,1,1,3
2022-08-16,ProductI,B,617,590,27,North,Superstore,3,1,1,3
2022-10-24,ProductH,A,398,365,33,Central,Classic,4,2,2,4
2022-02-04,ProductG,E,578,95,483,West,Classic+,2,2,2,4
2022-02-28,ProductF,B,935,561,374,West,Classic,2,1,3,3
2022-04-02,ProductI,C,168,99,69,South,Classic,3,2,2,1
2022-07-06,ProductI,C,134,83,51,Central,Classic,1,1,2,4
2022-01-04,ProductE,A,980,817,163,North,Classic,5,2,1,3
2022-09-22,ProductC,D,816,671,145,West,Classic+,3,3,3,3
2022-10-24,ProductA,A,688,191,497,North,Classic,1,2,2,1
2022-01-05,ProductA,C,319,304,15,South,Superstore,1,1,1,3
2022-04-02,ProductI,A,640,423,217,East,Superstore,2,1,2,4
2022-07-14,ProductH,A,615,545,70,Central,Classic+,3,1,1,4
2022-11-14,ProductF,C,294,124,170,East,Classic,4,2,3,2
2022-02-10,ProductC,B,880,674,206,South,Classic+,5,1,1,3
2022-11-01,ProductJ,A,420,325,95,South,Superstore,3,2,3,4
2022-06-22,ProductE,B,149,78,71,East,Superstore,1,2,1,2
2022-07-24,ProductE,C,717,644,73,West,Outlet,1,2,3,4
2022-08-30,ProductA,B,727,273,454,South,Classic,4,1,2,3
2022-11-06,ProductA,B,181,76,105,Central,Classic+,1,1,3,4
2022-10-07,ProductJ,C,102,69,33,West,Superstore,2,1,2,4
2022-06-29,ProductB,B,578,503,75,East,Classic,5,1,2,1
2022-06-29,ProductI,A,830,431,399,East,Classic+,4,1,1,3
2022-11-25,ProductD,C,882,600,282,East,Classic,4,1,3,4
2022-11-05,ProductC,C,527,251,276,West,Classic+,4,2,3,3
2022-12-28,ProductE,C,335,162,173,West,Classic,4,1,1,3
2022-04-15,ProductA,E,625,201,424,North,Classic,5,2,1,4
2022-08-29,ProductH,E,160,57,103,East,Classic,1,1,3,3
2022-12-27,ProductA,D,641,150,491,East,Classic,5,1,2,1
2022-09-12,ProductC,A,756,323,433,Central,Classic,4,1,2,4
2022-09-20,ProductC,D,348,284,64,West,Outlet,1,2,2,4
2022-11-21,ProductA,E,294,96,198,South,Classic,4,3,3,99
2022-12-28,ProductC,B,728,275,453,Central,Outlet,5,2,3,2
2022-07-12,ProductJ,C,583,459,124,Central,Superstore,4,2,2,4
2022-01-03,ProductJ,E,894,166,728,East,Superstore,4,1,1,1
2022-02-26,ProductI,B,889,708,181,Central,Superstore,3,2,3,1
2022-03-01,ProductE,A,949,623,326,West,Superstore,5,2,1,3
2022-07-18,ProductJ,D,534,177,357,Central,Classic,5,2,3,1
2022-03-01,ProductJ,B,475,173,302,West,Classic+,4,2,3,4
2022-04-20,ProductC,C,845,316,529,Central,Classic,1,1,2,2
2022-08-07,ProductJ,D,495,326,169,East,Classic+,2,1,3,1
2022-05-08,ProductE,B,975,207,768,South,Classic+,3,1,1,1
2022-06-08,ProductE,A,221,98,123,West,Classic+,4,1,1,2
2022-10-03,ProductI,D,275,115,160,East,Classic+,1,1,3,99
2022-07-31,ProductA,B,527,321,206,West,Classic,3,1,1,99
2022-10-29,ProductD,C,462,251,211,South,Superstore,1,1,3,3
2022-10-25,ProductB,C,340,190,150,West,Superstore,4,1,2,2
2022-04-30,ProductE,A,857,286,571,South,Superstore,3,2,1,4
2022-01-02,ProductJ,A,136,55,81,East,Classic,4,2,2,3
2022-08-09,ProductC,C,790,459,331,South,Classic,1,1,3,3
2022-02-06,ProductI,C,315,119,196,East,Classic,1,1,2,3
2022-12-13,ProductA,A,726,439,287,North,Superstore,2,2,3,3
2022-10-22,ProductC,B,686,666,20,North,Outlet,5,1,2,4
2022-01-08,ProductI,D,828,222,606,East,Superstore,5,1,3,4
2022-10-16,ProductJ,C,335,310,25,East,Classic,5,2,3,4
2022-11-11,ProductA,B,956,822,134,East,Classic+,1,2,2,4
2022-06-21,ProductI,A,410,366,44,West,Classic,1,1,3,3
2022-01-23,ProductI,A,828,403,425,East,Superstore,1,2,2,4
2022-11-02,ProductA,A,799,783,16,East,Superstore,5,2,3,2
2022-07-19,ProductH,A,748,662,86,South,Superstore,4,2,2,2
2022-09-09,ProductC,B,381,306,75,West,Classic,2,1,3,2
2022-02-23,ProductI,B,197,52,145,North,Classic+,2,3,1,4
2022-06-04,ProductJ,A,490,440,50,Central,Classic+,4,1,2,3
2022-07-21,ProductI,B,687,608,79,East,Outlet,5,2,3,99
2022-12-04,ProductA,A,613,153,460,West,Classic,4,1,3,4
2022-06-25,ProductE,B,171,102,69,East,Superstore,1,2,2,2
2022-09-08,ProductJ,C,109,64,45,South,Classic,1,2,1,2
2022-05-12,ProductI,B,711,264,447,West,Outlet,4,1,2,1
2022-05-28,ProductI,A,769,356,413,South,Classic,3,1,3,1
2022-11-27,ProductE,D,848,628,220,Central,Classic,3,3,1,3
2022-05-10,ProductH,C,559,146,413,East,Superstore,4,1,1,3
2022-06-02,ProductA,E,766,194,572,West,Classic,3,1,2,2
2022-10-14,ProductI,C,807,242,565,West,Classic,3,1,1,4
2022-08-11,ProductE,B,427,335,92,West,Superstore,4,2,1,3
2022-09-07,ProductI,C,108,52,56,Central,Superstore,3,1,3,4
2022-04-13,ProductC,B,345,290,55,East,Classic,2,2,1,2
2022-07-28,ProductI,B,857,683,174,North,Classic+,3,2,3,3
2022-07-23,ProductA,A,763,232,531,North,Superstore,4,2,2,4
2022-03-08,ProductA,A,930,55,875,Central,Classic,2,1,3,4
2022-11-01,ProductC,D,111,77,34,West,Classic,4,1,2,3
2022-12-27,ProductA,B,626,129,497,North,Superstore,5,2,2,3
2022-11-01,ProductC,E,428,137,291,West,Classic+,3,1,3,2
2022-10-28,ProductI,A,430,207,223,South,Classic,4,2,2,3
2022-09-19,ProductC,A,345,232,113,Central,Classic+,3,1,3,4
2022-09-24,ProductA,E,846,198,648,South,Outlet,5,2,3,3
2022-09-08,ProductI,E,955,675,280,East,Classic,4,2,1,4
2022-11-01,ProductJ,A,830,789,41,South,Classic,2,2,1,4
2022-01-09,ProductA,D,978,202,776,South,Classic,1,1,1,1
2022-05-20,ProductI,E,127,62,65,East,Outlet,2,2,1,1
2022-12-24,ProductA,A,360,201,159,East,Outlet,1,1,3,3
2022-10-28,ProductI,A,718,531,187,East,Classic,3,1,3,4
2022-06-15,ProductJ,A,592,298,294,Central,Outlet,5,2,3,4
2022-08-21,ProductH,E,427,301,126,West,Classic,4,1,3,2
2022-08-22,ProductI,A,120,68,52,South,Classic,4,2,2,3
2022-02-13,ProductI,A,737,442,295,Central,Classic+,5,1,3,4
2022-09-22,ProductA,B,522,125,397,South,Classic+,1,2,2,2
2022-10-22,ProductA,A,688,550,138,Central,Classic,5,2,3,1
2022-09-27,ProductE,A,496,424,72,East,Classic,4,2,3,4
2022-11-16,ProductF,A,189,131,58,South,Classic,4,2,1,2
2022-09-16,ProductC,B,482,266,216,Central,Outlet,5,2,1,4
2022-03-17,ProductE,B,347,333,14,North,Outlet,1,2,1,1
2022-05-18,ProductH,E,431,321,110,West,Superstore,2,1,1,2
2022-01-21,ProductA,B,441,220,221,West,Classic+,5,1,2,2
2022-10-19,ProductI,B,844,74,770,West,Superstore,4,1,2,3
2022-07-02,ProductH,B,232,130,102,West,Classic,4,1,2,4
2022-02-26,ProductA,D,961,586,375,East,Classic+,1,2,2,1
2022-06-26,ProductH,A,516,312,204,Central,Classic,2,2,3,3
2022-04-30,ProductJ,D,439,80,359,Central,Classic+,1,2,1,2
2022-07-02,ProductC,A,867,552,315,Central,Superstore,2,2,3,4
2022-05-01,ProductI,C,890,645,245,North,Classic,3,1,3,4
2022-01-08,ProductG,C,211,100,111,South,Classic+,1,2,1,4
2022-05-10,ProductA,C,273,233,40,East,Superstore,5,1,3,4
2022-11-15,ProductI,E,851,373,478,South,Superstore,4,1,3,3
2022-07-14,ProductI,B,837,676,161,West,Classic,5,1,1,4
2022-10-17,ProductB,A,625,457,168,East,Classic,4,2,1,2
2022-06-12,ProductA,B,500,60,440,South,Superstore,5,2,2,2
2022-02-27,ProductJ,A,101,100,1,West,Classic,3,2,2,2
2022-05-29,ProductA,C,607,108,499,North,Outlet,2,1,2,2
2022-11-22,ProductC,A,533,85,448,South,Classic,4,1,2,3
2022-10-13,ProductI,B,950,781,169,North,Classic,4,2,3,2
2022-06-03,ProductJ,A,863,514,349,East,Classic+,4,3,3,2
2022-10-30,ProductE,B,796,332,464,Central,Superstore,4,2,2,4
2022-10-09,ProductI,A,889,713,176,South,Classic+,1,2,1,4
2022-12-19,ProductC,B,255,240,15,West,Outlet,4,2,3,4
2022-06-16,ProductF,A,752,419,333,South,,5,2,1,1
2022-01-14,ProductA,C,457,124,333,North,Superstore,4,2,3,1
2022-04-26,ProductI,B,812,508,304,East,Classic,5,1,3,3
2022-12-23,ProductG,E,777,673,104,East,Classic+,3,1,3,3
2022-08-04,ProductH,A,635,274,361,North,Classic,5,1,2,4
2022-01-10,ProductJ,A,525,202,323,East,Superstore,3,3,2,4
2022-08-04,ProductJ,C,599,363,236,Central,Classic,4,1,2,1
2022-09-24,ProductJ,D,986,272,714,West,Classic+,2,1,2,4
2022-02-18,ProductD,E,374,367,7,East,Classic,5,2,1,4
2022-06-08,ProductD,A,231,133,98,South,Superstore,1,2,3,4
2022-04-13,ProductJ,A,748,440,308,West,Classic+,1,2,3,3
2022-09-12,ProductE,A,459,230,229,South,Classic+,1,1,3,1
2022-02-22,ProductA,A,487,484,3,Central,Classic+,4,2,3,4
2022-09-04,ProductI,A,220,66,154,West,Superstore,3,1,2,2
2022-04-11,ProductJ,B,270,261,9,North,Classic,4,2,2,1
2022-08-10,ProductC,A,198,106,92,North,Classic+,4,2,2,3
2022-10-21,ProductC,A,587,453,134,Central,Superstore,2,1,1,2
2022-01-11,ProductC,A,557,306,251,South,Classic,2,2,2,4
2022-05-01,ProductJ,A,723,351,372,South,Classic,5,2,1,4
2022-02-08,ProductG,A,733,467,266,Central,Classic,3,2,2,4
2022-05-14,ProductE,D,352,222,130,South,Classic,3,1,3,4
2022-06-21,ProductA,C,600,236,364,South,Classic,4,1,3,4
2022-03-28,ProductI,E,394,147,247,Central,Classic,4,1,3,1
2022-02-13,ProductA,B,294,218,76,South,Classic,1,2,3,3
2022-08-16,ProductI,B,321,247,74,Central,Classic,4,2,3,3
2022-08-22,ProductC,C,555,495,60,East,Classic,3,1,3,2
2022-01-17,ProductE,C,332,150,182,South,Outlet,4,1,3,2
2022-04-28,ProductA,D,945,766,179,East,Classic,4,1,3,3
2022-08-19,ProductF,A,331,144,187,Central,Classic,1,2,2,4
2022-11-29,ProductI,A,391,100,291,West,Classic,1,2,1,3
2022-10-24,ProductC,A,855,560,295,South,Classic,3,2,2,4
2022-10-22,ProductA,A,151,79,72,South,Classic,1,1,1,1
2022-04-05,ProductC,B,212,78,134,East,Superstore,3,2,3,4
2022-05-15,ProductJ,B,686,509,177,East,Superstore,1,3,1,1
2022-12-11,ProductC,B,830,670,160,West,Superstore,1,1,1,1
2022-03-06,ProductC,B,747,340,407,East,Classic+,4,2,3,3
2022-01-06,ProductA,A,354,221,133,West,Classic+,3,1,3,3
2022-11-02,ProductH,B,307,103,204,East,Classic,5,2,1,1
2022-05-17,ProductI,A,679,112,567,West,Outlet,4,2,1,2
2022-05-27,ProductF,A,274,95,179,South,Classic,1,1,3,1
2022-12-22,ProductG,A,164,102,62,East,Classic,5,2,1,1
2022-12-11,ProductI,D,668,265,403,Central,Classic,1,2,2,4
2022-06-09,ProductI,E,239,100,139,Central,Classic,4,2,2,4
2022-05-31,ProductA,B,975,545,430,East,Classic,4,1,2,3
2022-04-13,ProductC,A,728,547,181,,Classic,3,2,1,1
2022-12-18,ProductA,A,782,562,220,East,Superstore,5,2,1,4
2022-01-07,ProductA,C,609,90,519,East,Classic+,3,2,3,4
2022-09-15,ProductJ,A,379,243,136,East,Superstore,3,1,1,3
2022-09-27,ProductC,B,391,247,144,West,Classic,5,2,3,4
2022-03-18,ProductA,C,672,327,345,South,Superstore,4,2,2,4
2022-06-12,ProductI,C,550,267,283,East,Superstore,1,1,3,2
2022-10-08,ProductI,B,535,376,159,Central,Classic,99,2,2,3
2022-09-28,ProductG,A,400,144,256,Central,Classic,4,1,2,1
2022-03-08,ProductA,A,956,291,665,South,Classic,2,2,3,3
2022-05-08,ProductA,C,623,588,35,Central,Classic,3,2,3,3
2022-05-16,ProductD,B,142,54,88,West,Classic,4,1,2,3
2022-03-05,ProductJ,D,155,128,27,Central,Outlet,4,2,3,4
2022-07-27,ProductA,A,612,156,456,East,Classic,3,1,3,1
2022-12-23,ProductI,B,992,221,771,Central,Classic,4,1,1,1
2022-05-01,ProductI,B,807,368,439,Central,Classic,1,2,3,4
2022-04-06,ProductC,C,468,372,96,West,Outlet,4,1,1,3
2022-04-14,ProductB,B,495,92,403,South,Classic+,5,2,1,4
2022-06-21,ProductE,E,229,159,70,East,Superstore,1,1,3,1
2022-07-20,ProductA,B,453,230,223,North,Classic+,5,1,2,3
2022-12-08,ProductJ,C,699,669,30,West,Classic,1,2,1,4
2022-04-22,ProductA,B,161,117,44,East,Classic+,5,2,3,4
2022-07-20,ProductB,A,918,184,734,East,Superstore,3,1,1,3
2022-07-05,ProductH,A,923,435,488,Central,Classic,4,2,3,2
2022-07-21,ProductC,C,365,178,187,West,Classic,2,1,2,2
2022-02-05,ProductC,B,278,218,60,South,Outlet,4,2,1,4
2022-05-18,ProductJ,B,133,65,68,North,Classic+,1,1,1,3
2022-09-04,ProductG,E,958,928,30,East,,3,2,2,1
2022-05-27,ProductJ,B,345,221,124,Central,Classic,1,2,3,3
2022-02-19,ProductI,A,153,151,2,West,Superstore,2,1,3,3
2022-12-16,ProductE,A,250,151,99,North,Classic,1,2,2,4
2022-10-10,ProductC,B,162,56,106,East,Superstore,4,2,3,1
2022-10-02,ProductJ,B,572,98,474,West,Outlet,5,2,3,1
2022-12-26,ProductC,B,650,130,520,West,Classic,1,1,1,4
2022-04-17,ProductG,A,485,83,402,Central,Classic,1,2,2,3
2022-04-07,ProductJ,A,308,212,96,South,Superstore,1,1,3,1
2022-08-22,ProductA,C,493,452,41,Central,Classic,1,2,1,3
2022-04-13,ProductC,A,518,106,412,South,Superstore,4,2,2,1
2022-02-05,ProductI,C,225,207,18,East,Classic,4,1,2,3
2022-10-03,ProductE,E,319,91,228,East,Superstore,1,1,1,4
2022-05-24,ProductI,C,860,503,357,West,Superstore,2,3,1,4
2022-10-06,ProductH,C,825,736,89,Central,Superstore,1,3,2,4
2022-08-30,ProductI,C,788,579,209,Central,Classic,1,2,2,4
2022-10-30,ProductC,A,741,319,422,East,Superstore,4,2,2,2
2022-07-11,ProductJ,B,820,487,333,West,Superstore,3,1,1,4
2022-02-21,ProductE,C,634,529,105,West,Classic,3,1,1,1
2022-01-06,ProductJ,A,539,267,272,West,Classic,5,1,2,4
2022-11-17,ProductH,C,568,374,194,South,Outlet,2,2,2,3
2022-01-15,ProductI,A,872,102,770,West,Classic,4,2,3,4
2022-07-11,ProductI,C,261,201,60,East,Classic+,2,1,1,2
2022-09-06,ProductC,C,142,60,82,East,Classic+,5,1,3,3
2022-01-24,ProductC,C,760,294,466,East,Classic,1,2,2,4
2022-04-21,ProductC,B,843,409,434,South,Classic,5,1,3,2
2022-12-05,ProductI,C,961,288,673,South,Superstore,4,2,2,3
2022-03-18,ProductF,B,763,271,492,South,Classic,4,1,3,2
2022-09-02,ProductA,A,273,209,64,North,Classic+,1,1,3,2
2022-08-04,ProductI,C,363,270,93,North,Superstore,5,2,3,1
2022-12-26,ProductI,A,293,277,16,Central,Outlet,2,2,3,2
2022-01-31,ProductG,C,838,178,660,North,Superstore,3,1,2,4
2022-03-30,ProductI,B,416,380,36,South,Classic,1,1,1,4
2022-03-17,ProductI,A,961,800,161,West,Classic+,1,1,3,4
2022-12-22,ProductC,B,819,372,447,South,Outlet,4,1,2,99
2022-07-22,ProductC,E,521,454,67,South,Superstore,4,1,3,2
2022-01-05,ProductE,C,577,557,20,West,Classic,3,3,1,2
2022-12-22,ProductC,A,712,131,581,West,Superstore,2,2,1,1
2022-09-23,ProductH,C,141,86,55,Central,Classic,2,2,1,3
2022-09-18,ProductE,E,763,279,484,North,,4,1,3,4
2022-08-18,ProductC,C,525,490,35,North,Outlet,5,2,3,3
2022-10-17,ProductI,E,865,379,486,South,Superstore,1,2,1,2
2022-06-03,ProductA,D,691,283,408,Central,Classic+,4,1,1,1
2022-09-28,ProductI,B,200,74,126,West,Classic,3,2,1,2
2022-07-25,ProductC,E,790,608,182,South,Classic+,3,3,1,4
2022-09-15,ProductI,D,985,805,180,East,Classic,2,1,3,3
2022-11-26,ProductC,B,973,751,222,South,Outlet,3,2,2,3
2022-08-30,ProductH,C,412,297,115,East,Classic,1,1,1,3
2022-03-02,ProductA,A,861,179,682,North,Outlet,4,2,1,2
2022-04-15,ProductA,E,602,266,336,North,Superstore,3,2,3,4
2022-01-23,ProductB,C,302,112,190,East,Superstore,5,1,2,4
2022-07-28,ProductD,E,313,152,161,West,Classic+,5,2,2,2
2022-09-11,ProductA,D,773,657,116,South,Superstore,2,2,3,4
2022-01-10,ProductI,C,873,188,685,West,Classic,4,2,3,99
2022-07-22,ProductI,C,478,399,79,Central,Superstore,5,2,2,2